filiz,Filiz,streamelements,,
astrid,Astrid,streamelements,,
tatyana,Tatyana,streamelements,,
maxim,Maxim,streamelements,,
carmen,Carmen,streamelements,,
ines,Ines,streamelements,,
cristiano,Cristiano,streamelements,,
vitoria,Vitoria,streamelements,,
ricardo,Ricardo,streamelements,,
maja,Maja,streamelements,,
jan,Jan,streamelements,,
jacek,Jacek,streamelements,,
ewa,Ewa,streamelements,,
ruben,Ruben,streamelements,,
lotte,Lotte,streamelements,,
liv,Liv,streamelements,,
seoyeon,Seoyeon,streamelements,,
takumi,Takumi,streamelements,,
mizuki,Mizuki,streamelements,,
giorgio,Giorgio,streamelements,,
carla,Carla,streamelements,,
bianca,Bianca,streamelements,,
karl,Karl,streamelements,,
dora,Dora,streamelements,,
mathieu,Mathieu,streamelements,,
celine,Celine,streamelements,,
chantal,Chantal,streamelements,,
penelope,Penelope,streamelements,,
miguel,Miguel,streamelements,,
mia,Mia,streamelements,,
enrique,Enrique,streamelements,,
conchita,Conchita,streamelements,,
geraint,Geraint,streamelements,,
salli,Salli,streamelements,,
matthew,Matthew,streamelements,,
kimberly,Kimberly,streamelements,,
kendra,Kendra,streamelements,,
justin,Justin,streamelements,,
joey,Joey,streamelements,,
joanna,Joanna,streamelements,,
ivy,Ivy,streamelements,,
raveena,Raveena,streamelements,,
aditi,Aditi,streamelements,,
emma,Emma,streamelements,,
brian,Brian,streamelements,,
amy,Amy,streamelements,,
russell,Russell,streamelements,,
nicole,Nicole,streamelements,,
vicki,Vicki,streamelements,,
marlene,Marlene,streamelements,,
hans,Hans,streamelements,,
naja,Naja,streamelements,,
mads,Mads,streamelements,,
gwyneth,Gwyneth,streamelements,,
zhiyu,Zhiyu,streamelements,,
tracy,Tracy,streamelements,,
danny,Danny,streamelements,,
huihui,Huihui,streamelements,,
yaoyao,Yaoyao,streamelements,,
kangkang,Kangkang,streamelements,,
hanhan,HanHan,streamelements,,
zhiwei,Zhiwei,streamelements,,
asaf,Asaf,streamelements,,
an,An,streamelements,,
stefanos,Stefanos,streamelements,,
filip,Filip,streamelements,,
ivan,Ivan,streamelements,,
heidi,Heidi,streamelements,,
herena,Herena,streamelements,,
kalpana,Kalpana,streamelements,,
hemant,Hemant,streamelements,,
matej,Matej,streamelements,,
andika,Andika,streamelements,,
rizwan,Rizwan,streamelements,,
lado,Lado,streamelements,,
valluvar,Valluvar,streamelements,,
linda,Linda,streamelements,,
heather,Heather,streamelements,,
sean,Sean,streamelements,,
michael,Michael,streamelements,,
karsten,Karsten,streamelements,,
guillaume,Guillaume,streamelements,,
pattara,Pattara,streamelements,,
jakub,Jakub,streamelements,,
szabolcs,Szabolcs,streamelements,,
hoda,Hoda,streamelements,,
naayf,Naayf,streamelements,,
